article,name,qty
ART-00000,Product 0,3.0
ART-00001,Product 1,3.0
ART-00002,Product 2,3.0
ART-00003,Product 3,3.0
ART-00004,Product 4,3.0
ART-00005,Product 5,3.0
ART-00006,Product 6,3.0
ART-00007,Product 7,3.0
ART-00008,Product 8,3.0
ART-00009,Product 9,3.0
ART-00010,Product 10,3.0
ART-00011,Product 11,3.0
ART-00012,Product 12,3.0
ART-00013,Product 13,3.0
ART-00014,Product 14,3.0
ART-00015,Product 15,3.0
ART-00016,Product 16,3.0
ART-00017,Product 17,3.0
ART-00018,Product 18,3.0
ART-00019,Product 19,3.0
ART-00020,Product 20,3.0
ART-00021,Product 21,3.0
ART-00022,Product 22,3.0
ART-00023,Product 23,3.0
ART-00024,Product 24,3.0
ART-00025,Product 25,3.0
ART-00026,Product 26,3.0
ART-00027,Product 27,3.0
ART-00028,Product 28,3.0
ART-00029,Product 29,3.0
ART-00030,Product 30,3.0
ART-00031,Product 31,3.0
ART-00032,Product 32,3.0
ART-00033,Product 33,3.0
ART-00034,Product 34,3.0
ART-00035,Product 35,3.0
ART-00036,Product 36,3.0
ART-00037,Product 37,3.0
ART-00038,Product 38,3.0
ART-00039,Product 39,3.0
ART-00040,Product 40,3.0
ART-00041,Product 41,3.0
ART-00042,Product 42,3.0
ART-00043,Product 43,3.0
ART-00044,Product 44,3.0
ART-00045,Product 45,3.0
ART-00046,Product 46,3.0
ART-00047,Product 47,3.0
ART-00048,Product 48,3.0
ART-00049,Product 49,3.0
ART-00050,Product 50,3.0
ART-00051,Product 51,3.0
ART-00052,Product 52,3.0
ART-00053,Product 53,3.0
ART-00054,Product 54,3.0
ART-00055,Product 55,3.0
ART-00056,Product 56,3.0
ART-00057,Product 57,3.0
ART-00058,Product 58,3.0
ART-00059,Product 59,3.0
ART-00060,Product 60,3.0
ART-00061,Product 61,3.0
ART-00062,Product 62,3.0
ART-00063,Product 63,3.0
ART-00064,Product 64,3.0
ART-00065,Product 65,3.0
ART-00066,Product 66,3.0
ART-00067,Product 67,3.0
ART-00068,Product 68,3.0
ART-00069,Product 69,3.0
ART-00070,Product 70,3.0
ART-00071,Product 71,3.0
ART-00072,Product 72,3.0
ART-00073,Product 73,3.0
ART-00074,Product 74,3.0
ART-00075,Product 75,3.0
ART-00076,Product 76,3.0
ART-00077,Product 77,3.0
ART-00078,Product 78,3.0
ART-00079,Product 79,3.0
ART-00080,Product 80,3.0
ART-00081,Product 81,3.0
ART-00082,Product 82,3.0
ART-00083,Product 83,3.0
ART-00084,Product 84,3.0
ART-00085,Product 85,3.0
ART-00086,Product 86,3.0
ART-00087,Product 87,3.0
ART-00088,Product 88,3.0
ART-00089,Product 89,3.0
ART-00090,Product 90,3.0
ART-00091,Product 91,3.0
ART-00092,Product 92,3.0
ART-00093,Product 93,3.0
ART-00094,Product 94,3.0
ART-00095,Product 95,3.0
ART-00096,Product 96,3.0
ART-00097,Product 97,3.0
ART-00098,Product 98,3.0
ART-00099,Product 99,3.0
ART-00100,Product 100,3.0
ART-00101,Product 101,3.0
ART-00102,Product 102,3.0
ART-00103,Product 103,3.0
ART-00104,Product 104,3.0
ART-00105,Product 105,3.0
ART-00106,Product 106,3.0
ART-00107,Product 107,3.0
ART-00108,Product 108,3.0
ART-00109,Product 109,3.0
ART-00110,Product 110,3.0
ART-00111,Product 111,3.0
ART-00112,Product 112,3.0
ART-00113,Product 113,3.0
ART-00114,Product 114,3.0
ART-00115,Product 115,3.0
ART-00116,Product 116,3.0
ART-00117,Product 117,3.0
ART-00118,Product 118,3.0
ART-00119,Product 119,3.0
ART-00120,Product 120,3.0
ART-00121,Product 121,3.0
ART-00122,Product 122,3.0
ART-00123,Product 123,3.0
ART-00124,Product 124,3.0
ART-00125,Product 125,3.0
ART-00126,Product 126,3.0
ART-00127,Product 127,3.0
ART-00128,Product 128,3.0
ART-00129,Product 129,3.0
ART-00130,Product 130,3.0
ART-00131,Product 131,3.0
ART-00132,Product 132,3.0
ART-00133,Product 133,3.0
ART-00134,Product 134,3.0
ART-00135,Product 135,3.0
ART-00136,Product 136,3.0
ART-00137,Product 137,3.0
ART-00138,Product 138,3.0
ART-00139,Product 139,3.0
ART-00140,Product 140,3.0
ART-00141,Product 141,3.0
ART-00142,Product 142,3.0
ART-00143,Product 143,3.0
ART-00144,Product 144,3.0
ART-00145,Product 145,3.0
ART-00146,Product 146,3.0
ART-00147,Product 147,3.0
ART-00148,Product 148,3.0
ART-00149,Product 149,3.0
ART-00150,Product 150,3.0
ART-00151,Product 151,3.0
ART-00152,Product 152,3.0
ART-00153,Product 153,3.0
ART-00154,Product 154,3.0
ART-00155,Product 155,3.0
ART-00156,Product 156,3.0
ART-00157,Product 157,3.0
ART-00158,Product 158,3.0
ART-00159,Product 159,3.0
ART-00160,Product 160,3.0
ART-00161,Product 161,3.0
ART-00162,Product 162,3.0
ART-00163,Product 163,3.0
ART-00164,Product 164,3.0
ART-00165,Product 165,3.0
ART-00166,Product 166,3.0
ART-00167,Product 167,3.0
ART-00168,Product 168,3.0
ART-00169,Product 169,3.0
ART-00170,Product 170,3.0
ART-00171,Product 171,3.0
ART-00172,Product 172,3.0
ART-00173,Product 173,3.0
ART-00174,Product 174,3.0
ART-00175,Product 175,3.0
ART-00176,Product 176,3.0
ART-00177,Product 177,3.0
ART-00178,Product 178,3.0
ART-00179,Product 179,3.0
ART-00180,Product 180,3.0
ART-00181,Product 181,3.0
ART-00182,Product 182,3.0
ART-00183,Product 183,3.0
ART-00184,Product 184,3.0
ART-00185,Product 185,3.0
ART-00186,Product 186,3.0
ART-00187,Product 187,3.0
ART-00188,Product 188,3.0
ART-00189,Product 189,3.0
ART-00190,Product 190,3.0
ART-00191,Product 191,3.0
ART-00192,Product 192,3.0
ART-00193,Product 193,3.0
ART-00194,Product 194,3.0
ART-00195,Product 195,3.0
ART-00196,Product 196,3.0
ART-00197,Product 197,3.0
ART-00198,Product 198,3.0
ART-00199,Product 199,3.0
ART-00200,Product 200,3.0
ART-00201,Product 201,3.0
ART-00202,Product 202,3.0
ART-00203,Product 203,3.0
ART-00204,Product 204,3.0
ART-00205,Product 205,3.0
ART-00206,Product 206,3.0
ART-00207,Product 207,3.0
ART-00208,Product 208,3.0
ART-00209,Product 209,3.0
ART-00210,Product 210,3.0
ART-00211,Product 211,3.0
ART-00212,Product 212,3.0
ART-00213,Product 213,3.0
ART-00214,Product 214,3.0
ART-00215,Product 215,3.0
ART-00216,Product 216,3.0
ART-00217,Product 217,3.0
ART-00218,Product 218,3.0
ART-00219,Product 219,3.0
ART-00220,Product 220,3.0
ART-00221,Product 221,3.0
ART-00222,Product 222,3.0
ART-00223,Product 223,3.0
ART-00224,Product 224,3.0
ART-00225,Product 225,3.0
ART-00226,Product 226,3.0
ART-00227,Product 227,3.0
ART-00228,Product 228,3.0
ART-00229,Product 229,3.0
ART-00230,Product 230,3.0
ART-00231,Product 231,3.0
ART-00232,Product 232,3.0
ART-00233,Product 233,3.0
ART-00234,Product 234,3.0
ART-00235,Product 235,3.0
ART-00236,Product 236,3.0
ART-00237,Product 237,3.0
ART-00238,Product 238,3.0
ART-00239,Product 239,3.0
ART-00240,Product 240,3.0
ART-00241,Product 241,3.0
ART-00242,Product 242,3.0
ART-00243,Product 243,3.0
ART-00244,Product 244,3.0
ART-00245,Product 245,3.0
ART-00246,Product 246,3.0
ART-00247,Product 247,3.0
ART-00248,Product 248,3.0
ART-00249,Product 249,3.0
ART-00250,Product 250,3.0
ART-00251,Product 251,3.0
ART-00252,Product 252,3.0
ART-00253,Product 253,3.0
ART-00254,Product 254,3.0
ART-00255,Product 255,3.0
ART-00256,Product 256,3.0
ART-00257,Product 257,3.0
ART-00258,Product 258,3.0
ART-00259,Product 259,3.0
ART-00260,Product 260,3.0
ART-00261,Product 261,3.0
ART-00262,Product 262,3.0
ART-00263,Product 263,3.0
ART-00264,Product 264,3.0
ART-00265,Product 265,3.0
ART-00266,Product 266,3.0
ART-00267,Product 267,3.0
ART-00268,Product 268,3.0
ART-00269,Product 269,3.0
ART-00270,Product 270,3.0
ART-00271,Product 271,3.0
ART-00272,Product 272,3.0
ART-00273,Product 273,3.0
ART-00274,Product 274,3.0
ART-00275,Product 275,3.0
ART-00276,Product 276,3.0
ART-00277,Product 277,3.0
ART-00278,Product 278,3.0
ART-00279,Product 279,3.0
ART-00280,Product 280,3.0
ART-00281,Product 281,3.0
ART-00282,Product 282,3.0
ART-00283,Product 283,3.0
ART-00284,Product 284,3.0
ART-00285,Product 285,3.0
ART-00286,Product 286,3.0
ART-00287,Product 287,3.0
ART-00288,Product 288,3.0
ART-00289,Product 289,3.0
ART-00290,Product 290,3.0
ART-00291,Product 291,3.0
ART-00292,Product 292,3.0
ART-00293,Product 293,3.0
ART-00294,Product 294,3.0
ART-00295,Product 295,3.0
ART-00296,Product 296,3.0
ART-00297,Product 297,3.0
ART-00298,Product 298,3.0
ART-00299,Product 299,3.0
ART-00300,Product 300,3.0
ART-00301,Product 301,3.0
ART-00302,Product 302,3.0
ART-00303,Product 303,3.0
ART-00304,Product 304,3.0
ART-00305,Product 305,3.0
ART-00306,Product 306,3.0
ART-00307,Product 307,3.0
ART-00308,Product 308,3.0
ART-00309,Product 309,3.0
ART-00310,Product 310,3.0
ART-00311,Product 311,3.0
ART-00312,Product 312,3.0
ART-00313,Product 313,3.0
ART-00314,Product 314,3.0
ART-00315,Product 315,3.0
ART-00316,Product 316,3.0
ART-00317,Product 317,3.0
ART-00318,Product 318,3.0
ART-00319,Product 319,3.0
ART-00320,Product 320,3.0
ART-00321,Product 321,3.0
ART-00322,Product 322,3.0
ART-00323,Product 323,3.0
ART-00324,Product 324,3.0
ART-00325,Product 325,3.0
ART-00326,Product 326,3.0
ART-00327,Product 327,3.0
ART-00328,Product 328,3.0
ART-00329,Product 329,3.0
ART-00330,Product 330,3.0
ART-00331,Product 331,3.0
ART-00332,Product 332,3.0
ART-00333,Product 333,3.0
ART-00334,Product 334,3.0
ART-00335,Product 335,3.0
ART-00336,Product 336,3.0
ART-00337,Product 337,3.0
ART-00338,Product 338,3.0
ART-00339,Product 339,3.0
ART-00340,Product 340,3.0
ART-00341,Product 341,3.0
ART-00342,Product 342,3.0
ART-00343,Product 343,3.0
ART-00344,Product 344,3.0
ART-00345,Product 345,3.0
ART-00346,Product 346,3.0
ART-00347,Product 347,3.0
ART-00348,Product 348,3.0
ART-00349,Product 349,3.0
ART-00350,Product 350,3.0
ART-00351,Product 351,3.0
ART-00352,Product 352,3.0
ART-00353,Product 353,3.0
ART-00354,Product 354,3.0
ART-00355,Product 355,3.0
ART-00356,Product 356,3.0
ART-00357,Product 357,3.0
ART-00358,Product 358,3.0
ART-00359,Product 359,3.0
ART-00360,Product 360,3.0
ART-00361,Product 361,3.0
ART-00362,Product 362,3.0
ART-00363,Product 363,3.0
ART-00364,Product 364,3.0
ART-00365,Product 365,3.0
ART-00366,Product 366,3.0
ART-00367,Product 367,3.0
ART-00368,Product 368,3.0
ART-00369,Product 369,3.0
ART-00370,Product 370,3.0
ART-00371,Product 371,3.0
ART-00372,Product 372,3.0
ART-00373,Product 373,3.0
ART-00374,Product 374,3.0
ART-00375,Product 375,3.0
ART-00376,Product 376,3.0
ART-00377,Product 377,3.0
ART-00378,Product 378,3.0
ART-00379,Product 379,3.0
ART-00380,Product 380,3.0
ART-00381,Product 381,3.0
ART-00382,Product 382,3.0
ART-00383,Product 383,3.0
ART-00384,Product 384,3.0
ART-00385,Product 385,3.0
ART-00386,Product 386,3.0
ART-00387,Product 387,3.0
ART-00388,Product 388,3.0
ART-00389,Product 389,3.0
ART-00390,Product 390,3.0
ART-00391,Product 391,3.0
ART-00392,Product 392,3.0
ART-00393,Product 393,3.0
ART-00394,Product 394,3.0
ART-00395,Product 395,3.0
ART-00396,Product 396,3.0
ART-00397,Product 397,3.0
ART-00398,Product 398,3.0
ART-00399,Product 399,3.0
ART-00400,Product 400,3.0
ART-00401,Product 401,3.0
ART-00402,Product 402,3.0
ART-00403,Product 403,3.0
ART-00404,Product 404,3.0
ART-00405,Product 405,3.0
ART-00406,Product 406,3.0
ART-00407,Product 407,3.0
ART-00408,Product 408,3.0
ART-00409,Product 409,3.0
ART-00410,Product 410,3.0
ART-00411,Product 411,3.0
ART-00412,Product 412,3.0
ART-00413,Product 413,3.0
ART-00414,Product 414,3.0
ART-00415,Product 415,3.0
ART-00416,Product 416,3.0
ART-00417,Product 417,3.0
ART-00418,Product 418,3.0
ART-00419,Product 419,3.0
ART-00420,Product 420,3.0
ART-00421,Product 421,3.0
ART-00422,Product 422,3.0
ART-00423,Product 423,3.0
ART-00424,Product 424,3.0
ART-00425,Product 425,3.0
ART-00426,Product 426,3.0
ART-00427,Product 427,3.0
ART-00428,Product 428,3.0
ART-00429,Product 429,3.0
ART-00430,Product 430,3.0
ART-00431,Product 431,3.0
ART-00432,Product 432,3.0
ART-00433,Product 433,3.0
ART-00434,Product 434,3.0
ART-00435,Product 435,3.0
ART-00436,Product 436,3.0
ART-00437,Product 437,3.0
ART-00438,Product 438,3.0
ART-00439,Product 439,3.0
ART-00440,Product 440,3.0
ART-00441,Product 441,3.0
ART-00442,Product 442,3.0
ART-00443,Product 443,3.0
ART-00444,Product 444,3.0
ART-00445,Product 445,3.0
ART-00446,Product 446,3.0
ART-00447,Product 447,3.0
ART-00448,Product 448,3.0
ART-00449,Product 449,3.0
ART-00450,Product 450,3.0
ART-00451,Product 451,3.0
ART-00452,Product 452,3.0
ART-00453,Product 453,3.0
ART-00454,Product 454,3.0
ART-00455,Product 455,3.0
ART-00456,Product 456,3.0
ART-00457,Product 457,3.0
ART-00458,Product 458,3.0
ART-00459,Product 459,3.0
ART-00460,Product 460,3.0
ART-00461,Product 461,3.0
ART-00462,Product 462,3.0
ART-00463,Product 463,3.0
ART-00464,Product 464,3.0
ART-00465,Product 465,3.0
ART-00466,Product 466,3.0
ART-00467,Product 467,3.0
ART-00468,Product 468,3.0
ART-00469,Product 469,3.0
ART-00470,Product 470,3.0
ART-00471,Product 471,3.0
ART-00472,Product 472,3.0
ART-00473,Product 473,3.0
ART-00474,Product 474,3.0
ART-00475,Product 475,3.0
ART-00476,Product 476,3.0
ART-00477,Product 477,3.0
ART-00478,Product 478,3.0
ART-00479,Product 479,3.0
ART-00480,Product 480,3.0
ART-00481,Product 481,3.0
ART-00482,Product 482,3.0
ART-00483,Product 483,3.0
ART-00484,Product 484,3.0
ART-00485,Product 485,3.0
ART-00486,Product 486,3.0
ART-00487,Product 487,3.0
ART-00488,Product 488,3.0
ART-00489,Product 489,3.0
ART-00490,Product 490,3.0
ART-00491,Product 491,3.0
ART-00492,Product 492,3.0
ART-00493,Product 493,3.0
ART-00494,Product 494,3.0
ART-00495,Product 495,3.0
ART-00496,Product 496,3.0
ART-00497,Product 497,3.0
ART-00498,Product 498,3.0
ART-00499,Product 499,3.0
